limited,1.18243688651
com/docs/reference/api/batch/,2.36995760735
prefix,2.46686762035
whose,2.59180635696
votes,3.06892761168
calculate,2.76789761602
under,2.59180635696
facebookclient#fetchconnection,3.06892761168
2011-jan-02,2.76789761602
2011-jan-03,2.76789761602
updated,2.16583762469
2011-jan-01,2.76789761602
2011-jan-04,2.76789761602
2011-jan-05,2.76789761602
connects,2.76789761602
',2.76789761602
replaces,3.06892761168
tostring,2.36995760735
school,2.46686762035
internally,2.76789761602
supports,2.59180635696
venue,3.06892761168
upload,2.59180635696
convenience,3.06892761168
'notes',2.76789761602
</ul>,2.46686762035
force,3.06892761168
</small>,2.02753492652
second,2.76789761602
street,2.76789761602
implemented,3.06892761168
expressive,2.76789761602
even,2.59180635696
errors,2.59180635696
preferences,3.06892761168
null?,3.06892761168
app_494975287,2.76789761602
above,1.18243688651
multiple-mapped,3.06892761168
new,1.79017401073
metadata,2.76789761602
jsonmappingerrorhandler#handlemappingerror,2.76789761602
never,3.06892761168
http//wiki,2.22382957167
equals,3.06892761168
here,2.46686762035
>application,3.06892761168
represented,3.06892761168
100,3.06892761168
aren't,3.06892761168
obtained,3.06892761168
balance,2.76789761602
nulls,2.76789761602
ignoring,2.76789761602
credit,3.06892761168
month-year,2.76789761602
error_description,3.06892761168
indentation,2.36995760735
permit,1.18243688651
suitable,3.06892761168
no-argument,2.46686762035
divide,3.06892761168
replace,2.36995760735
#executeinsightqueriesbymetricbydate,3.06892761168
visible,2.76789761602
unix,2.76789761602
total,3.06892761168
unit,2.16583762469
com/docs/reference/api/question,3.06892761168
get/post,2.76789761602
would,2.36995760735
album-sized,3.06892761168
negative,2.22382957167
call,1.50072588762
type,1.34465174208
until,2.36995760735
separated,2.76789761602
<li>the,2.76789761602
hereby,1.18243688651
aware,2.76789761602
phone,3.06892761168
hole,3.06892761168
hold,2.46686762035
/**,0.0334978734975
must,1.44567832128
me,2.59180635696
app-specified,3.06892761168
join,2.76789761602
@author,1.00446962246
rights,1.17683300899
url-encoded,2.76789761602
work,2.59180635696
api's,3.06892761168
ms,3.06892761168
deprecated,3.06892761168
exceptions,2.06892761168
root,3.06892761168
example,1.40616978
url-encodes,3.06892761168
'feed',2.76789761602
indicated,3.06892761168
@,3.06892761168
digit,2.76789761602
implementations,2.76789761602
cribbed,3.06892761168
indicates,2.06892761168
type?,3.06892761168
metadata</a>,2.76789761602
want,2.76789761602
unordered,3.06892761168
absolute,3.06892761168
indention,3.06892761168
end,2.02753492652
<code>string</code>,2.76789761602
provide,2.59180635696
verify,3.06892761168
how,1.86480762903
separator,2.76789761602
description,1.922799576
replacing,2.76789761602
typed,2.36995760735
after,2.59180635696
'week',3.06892761168
mis-mapped?,2.76789761602
wrong,2.59180635696
types,2.06892761168
attempt,2.2907763613
'0',3.06892761168
things,3.06892761168
every,3.06892761168
687,2.76789761602
operate,2.46686762035
athletes,3.06892761168
order,2.36995760735
operations,2.06892761168
restriction,1.16583762469
over,2.06892761168
vary,2.76789761602
executes,1.922799576
before,2.2907763613
fit,2.46686762035
personal,3.06892761168
'o',3.06892761168
writing,3.06892761168
key/long,3.06892761168
differently,2.46686762035
encapsulates,2.22382957167
'treat,3.06892761168
easier,2.76789761602
then,1.70719977566
them,2.59180635696
collide,3.06892761168
they,2.76789761602
strings?,3.06892761168
one,1.37873153165
app_4949752878,2.76789761602
represents,1.27653592218
<small>,2.02753492652
previous/next,3.06892761168
l,3.06892761168
dumps,3.06892761168
timeout,3.06892761168
fitness,1.18243688651
<li>fetch,3.06892761168
defaultvalue,2.06892761168
legwork,3.06892761168
we'd,3.06892761168
combining,3.06892761168
extract,2.76789761602
array,1.62176958034
network,3.06892761168
restricted,3.06892761168
>privacy,3.06892761168
content,2.59180635696
reader,3.06892761168
got,2.59180635696
sliding,2.76789761602
you're,2.36995760735
free,1.17683300899
standard,2.76789761602
<code>jsonobject</code>,2.76789761602
>insight,2.76789761602
md5,3.06892761168
post-mapping,3.06892761168
logging,2.59180635696
created,2.02753492652
messages,2.46686762035
days,3.06892761168
creates,1.52485956733
signature,2.59180635696
group's,3.06892761168
uses,2.59180635696
unterminated,3.06892761168
user,1.50072588762
already,2.36995760735
webrequestor#executeget,2.76789761602
hook,3.06892761168
another,2.2907763613
annotated,2.36995760735
service,2.76789761602
top,2.22382957167
defaulting,3.06892761168
2,2.2907763613
overhead,3.06892761168
too,2.36995760735
facebookclient#fetchobjects,3.06892761168
percentage,2.59180635696
@throws,0.89574134327
close_friends,3.06892761168
fetchobject,3.06892761168
tokens,2.59180635696
begins,3.06892761168
distance,2.76789761602
target,2.59180635696
<code>tojsonstring,3.06892761168
classes,2.76789761602
genders,2.76789761602
legacyfacebookclient#executeforlist,2.76789761602
>tag,3.06892761168
talking,3.06892761168
seen,2.76789761602
liles,2.76789761602
facebookresponsestatusexception,2.59180635696
contents,2.2907763613
com/docs/guides/upgrade#oauth,2.59180635696
convenient,2.59180635696
-,1.56377763336
recommended,3.06892761168
client,1.79017401073
vice-versa,3.06892761168
message=test,2.76789761602
shall,1.18243688651
object,0.873027959273
metrics,2.76789761602
<key,3.06892761168
letter,2.59180635696
publish</a>,2.76789761602
iterate,3.06892761168
contain,2.11468510224
mitigate,3.06892761168
calculated,3.06892761168
m,3.06892761168
points,2.76789761602
2007-03,3.06892761168
ending,2.22382957167
attempts,2.76789761602
created_time,3.06892761168
availability,3.06892761168
null/empty,2.76789761602
quoted,2.59180635696
implementation,1.81365510658
situations,2.46686762035
appended,2.36995760735
legacyfacebookclient,3.06892761168
metrics</a>,3.06892761168
png,3.06892761168
folder,3.06892761168
'likes',2.76789761602
do,1.11953760504
empty?,3.06892761168
stop,2.22382957167
preferred,3.06892761168
createtoken,2.76789761602
12,2.02753492652
>sport,3.06892761168
cleanly,2.76789761602
quotes,2.59180635696
ietf,2.76789761602
fields,1.922799576
<code>endobject</code>,2.59180635696
method,1.31305275601
traversed,2.76789761602
2008-09-18,2.59180635696
release,2.46686762035
jsontokener,2.2907763613
reference,3.06892761168
testing,2.76789761602
legacyfacebookclient#execute,2.46686762035
depends,2.59180635696
[222333,3.06892761168
result,1.76789761602
fail,2.46686762035
object#equals,1.60652961378
>status,3.06892761168
instance's,3.06892761168
subject,1.17683300899
com/docs/reference/api/checkin,2.59180635696
filename,2.36995760735
there's,2.59180635696
<li>extend,3.06892761168
encounters,3.06892761168
0-,3.06892761168
executeaspost,3.06892761168
extend,3.06892761168
modify,1.18243688651
<code>0-</code>,2.76789761602
'error',2.76789761602
<pre>,2.36995760735
requestor#makerequest,2.76789761602
adapter,3.06892761168
credits_price,3.06892761168
against,2.59180635696
nicely?,3.06892761168
'activities',2.76789761602
urls,3.06892761168
dfrankow,3.06892761168
com,0.873027959273
asked,2.76789761602
oauthexception,2.59180635696
explanatory,3.06892761168
'updates',2.76789761602
height,2.59180635696
closeable,3.06892761168
delete</a>,3.06892761168
been,2.36995760735
much,2.76789761602
connectioniterator,3.06892761168
basic,2.76789761602
website,2.59180635696
facebookclient#executefqlquery,3.06892761168
life,3.06892761168
retrospect,3.06892761168
'picture',2.76789761602
parameter[],1.81365510658
exception,1.51262511091
apikey,2.76789761602
app_237307273,2.76789761602
page?,3.06892761168
com/docs/reference/api/question_option,3.06892761168
fetchobjects,3.06892761168
convertable,3.06892761168
formatting,3.06892761168
facebookclient#executemultiquery,3.06892761168
dashboard,3.06892761168
getsuperclass,3.06892761168
property,2.46686762035
seven,3.06892761168
null</code>,3.06892761168
jsonwriter,2.59180635696
is,0.62176958034
it,1.11953760504
skipping,3.06892761168
like_count,3.06892761168
>comment,3.06892761168
in,0.740548008243
endpoints,2.76789761602
ie,2.76789761602
id,1.72650493086
if,0.612561578553
containing,1.922799576
perform,2.46686762035
it/improved,3.06892761168
make,1.67098760301
complex,2.59180635696
damages,1.18243688651
incorrectly,2.76789761602
several,2.59180635696
com/docs/test_users,3.06892761168
hand,3.06892761168
characters,2.06892761168
kept,2.76789761602
>video,3.06892761168
illegalaccessexception,3.06892761168
contact,3.06892761168
the,0.18243688651
massaging,3.06892761168
left,2.06892761168
[this,3.06892761168
just,2.46686762035
photo,1.67098760301
distribute,1.18243688651
access_token=xxx&expires=yyy,3.06892761168
<code>get</code>,2.76789761602
identify,3.06892761168
thanks,3.06892761168
yet,2.59180635696
previous,2.59180635696
adding,2.46686762035
unable,2.2907763613
ease,3.06892761168
character,1.89283635263
<code>[</code>,3.06892761168
requestor,3.06892761168
n,2.76789761602
easy,3.06892761168
has,1.44567832128
gave,3.06892761168
insensitive,2.76789761602
possible,2.22382957167
'day',3.06892761168
reflection-based,2.59180635696
whichever,2.76789761602
batchfb's,3.06892761168
unique,2.59180635696
[0-100],3.06892761168
performing,1.63756384752
unnecessary,3.06892761168
specific,2.76789761602
arbitrary,2.16583762469
right,2.11468510224
old,1.922799576
deal,1.18243688651
people,3.06892761168
sends,2.59180635696
successfully,2.22382957167
com/docs/reference/fql/,2.46686762035
key/value,2.36995760735
sessionkey,2.2907763613
#executeforlist,2.46686762035
mystring,2.76789761602
'links',2.76789761602
for,0.669253890201
/,2.59180635696
facebookclient#executebatch,2.76789761602
url-decoded,3.06892761168
<tt>@facebook</tt>-annotated,2.76789761602
facebookclient#obtainappaccesstoken,2.76789761602
price,2.76789761602
<code>'</code>,3.06892761168
who,1.79017401073
deleted,3.06892761168
reflection,2.2907763613
connection#getpreviouspageurl,3.06892761168
post,1.51262511091
super,2.76789761602
error_msg,2.76789761602
limitation,1.18243688651
errortype,2.59180635696
accepts,3.06892761168
o,2.76789761602
undocumented,2.76789761602
plus,3.06892761168
marshal,3.06892761168
automatically,2.76789761602
primitive,2.2907763613
destination,3.06892761168
'code',3.06892761168
obtaining,1.17130052039
bound,2.76789761602
com/docs/reference/api/post,2.16583762469
parsing,3.06892761168
down,3.06892761168
balanced,3.06892761168
often,2.76789761602
],2.59180635696
support,2.06892761168
initial,3.06892761168
clazz,2.76789761602
<code>jsonarray</code>,2.76789761602
width,2.59180635696
way,2.22382957167
unquoted,3.06892761168
was,1.50072588762
href=,0.945075970715
form,2.46686762035
jsonobject,1.33653385186
failure,3.06892761168
defaultlegacyfacebookexceptionmapper,3.06892761168
objects',2.59180635696
com/docs/authentication/applications/,3.06892761168
removed,2.36995760735
true,1.35292426805
>message,2.76789761602
portions,1.18243688651
builds,3.06892761168
versions,3.06892761168
arrays,2.59180635696
prevents,2.46686762035
inside,3.06892761168
attached,2.2907763613
bounds,3.06892761168
annotations,2.76789761602
paging,3.06892761168
delete,2.76789761602
trim,2.76789761602
long-form,2.76789761602
semicolon,2.76789761602
'',3.06892761168
exist,3.06892761168
timezone,2.11468510224
com/docs/reference/fql/insights</a>,2.76789761602
check,1.95498425938
constructed,2.59180635696
string[],3.06892761168
no,0.916639267299
hasattachment,3.06892761168
when,1.63756384752
key/secret,2.46686762035
interested,2.76789761602
test,2.11468510224
developers,2.16583762469
unbalanced,3.06892761168
picture,2.2907763613
permitting,2.76789761602
's,2.59180635696
update,2.36995760735
binaryattachment,2.36995760735
parametername,2.76789761602
hashing,3.06892761168
url-decodes,3.06892761168
old-style,3.06892761168
serialized,2.76789761602
non-empty,2.76789761602
stripping,3.06892761168
time,1.59180635696
push,3.06892761168
iterator,2.46686762035
skip,3.06892761168
<code>jsonarray,3.06892761168
comments,1.922799576
com/docs/guides/upgrade,3.06892761168
com/docs/reference/api/insights,3.06892761168
'i',3.06892761168
graph,1.1551137593
flash,3.06892761168
'albums',2.76789761602
0,1.59180635696
charge,1.18243688651
jvm,2.36995760735
attachedfiles,2.76789761602
string,0.864807629026
programmatically,3.06892761168
liability,1.18243688651
nesting,2.46686762035
anonymous,3.06892761168
entries,3.06892761168
forgiving,2.76789761602
level,2.36995760735
discrete,2.76789761602
quick,2.76789761602
loads,2.76789761602
hk/tech/fb_dev/faq/general/gen_10,3.06892761168
upper,2.46686762035
unexpected,3.06892761168
initializes,2.76789761602
affiliation,2.76789761602
adds,2.59180635696
appear,2.76789761602
<tt>,2.2907763613
shares,2.59180635696
current,2.11468510224
kabiljo,2.76789761602
insightutils,3.06892761168
reply,3.06892761168
'=',3.06892761168
supporting,2.2907763613
alockhart,2.76789761602
'events',2.76789761602
target=,2.22382957167
groups,3.06892761168
address,2.22382957167
alone,3.06892761168
[,2.59180635696
'type',3.06892761168
appears,2.59180635696
change,3.06892761168
wait,3.06892761168
sending,3.06892761168
commonly,3.06892761168
delimiter,2.76789761602
usually,3.06892761168
@version,2.2907763613
connection#getnextpageurl,3.06892761168
useful,2.16583762469
extra,2.46686762035
prefer,2.59180635696
logical,2.59180635696
<code>'</code>&nbsp,2.76789761602
#executepost,3.06892761168
>old,3.06892761168
marker,3.06892761168
should,1.59180635696
'secret',2.76789761602
handled,3.06892761168
>test,3.06892761168
only,1.86480762903
nullness,3.06892761168
sports,2.76789761602
handles,2.36995760735
connection-formatted,2.76789761602
encode,3.06892761168
scope,2.76789761602
>batch,2.76789761602
appending,2.46686762035
com/docs/reference/api/application,3.06892761168
api-style,3.06892761168
cases,3.06892761168
behalf,2.59180635696
insights,2.46686762035
#obtainextendedaccesstoken,2.76789761602
currency,2.59180635696
quoting,2.76789761602
longitude,2.46686762035
values,1.76789761602
can,1.20560475156
following,1.18243688651
making,2.36995760735
arrive,3.06892761168
claim,1.18243688651
figure,3.06892761168
url-encode,2.76789761602
attribute,1.922799576
backslash,2.76789761602
substring,3.06892761168
<code>]</code>&nbsp,3.06892761168
allowed,2.76789761602
locale,2.76789761602
allen</a>,1.05609038698
occur,2.46686762035
comma-delimited,3.06892761168
batchheader,3.06892761168
#executemultiquery,2.76789761602
divided,3.06892761168
charset,2.76789761602
com/docs/reference/api/page/#conversations,2.76789761602
1,0.846211140534
com/docs/api#introspection,2.76789761602
ensure,2.76789761602
parameter,1.35292426805
map,1.2907763613
product,3.06892761168
accessors,3.06892761168
&nbsp,2.06892761168
bug?,3.06892761168
may,2.02753492652
clone,3.06892761168
php/stream,2.76789761602
produce,2.02753492652
designed,2.76789761602
date,1.65395426371
such,1.89283635263
data,1.34465174208
annotation,1.922799576
facebookgraphexception,2.76789761602
whenever,3.06892761168
biographical,3.06892761168
bean,2.59180635696
q,3.06892761168
cascade,2.76789761602
123,2.76789761602
so,1.07770153599
#findfieldswithannotation,3.06892761168
representation,1.65395426371
object's,1.57756591785
talk,3.06892761168
exclusive,2.76789761602
tagged,2.59180635696
words,2.76789761602
furnished,1.18243688651
'message',3.06892761168
midnight,2.2907763613
facebookclient#obtainextendedaccesstoken,2.76789761602
still,3.06892761168
#converttomidnightinpacifictimezone,2.2907763613
group,2.36995760735
curly,3.06892761168
@deprecated,1.89283635263
slightly-more-complex,3.06892761168
coordinates,2.46686762035
forms,2.59180635696
tort,1.18243688651
myvalue,3.06892761168
#convertsessionkeystoaccesstokens,3.06892761168
recipients,3.06892761168
matches,2.76789761602
not,0.864807629026
sorted,2.76789761602
\,2.76789761602
#fetchobject,3.06892761168
execute,2.16583762469
name,1.23007852094
2010-02-28t161108,3.06892761168
establishing,3.06892761168
check-in,1.95498425938
batchrequestbuilder,2.76789761602
<code>,1.922799576
square,3.06892761168
>action,3.06892761168
ed,2.76789761602
conventions,3.06892761168
populates,3.06892761168
#publish,3.06892761168
year,2.76789761602
com/docs/api#deleting,3.06892761168
calling,3.06892761168
#fetchconnection,3.06892761168
album,2.02753492652
canvas,3.06892761168
container,2.59180635696
3rd,3.06892761168
factory,2.76789761602
looking,3.06892761168
transforming,3.06892761168
webrequestor,2.36995760735
2009-04-13,3.06892761168
correct,2.36995760735
url-decode,2.59180635696
state,2.59180635696
args,2.59180635696
comparator#compare,3.06892761168
dependencies,3.06892761168
mime,3.06892761168
org,2.2907763613
byte,3.06892761168
finite,2.36995760735
language,2.46686762035
turn,3.06892761168
place,2.06892761168
iterator#next,3.06892761168
com/docs/reference/api/note,3.06892761168
metadata=1,2.46686762035
first,2.11468510224
nested,2.46686762035
fetches,2.36995760735
specifically,2.59180635696
message,1.36995760735
open,3.06892761168
size,2.46686762035
city,2.59180635696
given,1.1604425928
checked,3.06892761168
workaround,2.76789761602
structured,2.76789761602
com/docs/reference/api/link,3.06892761168
returns,1.46686762035
unmappablejson,3.06892761168
2008-09-22,3.06892761168
'k',3.06892761168
that,0.989746365634
com/docs/payments/user_currency,2.76789761602
@return,0.281467137164
@jsonmappingcompleted,3.06892761168
copy,1.17683300899
representing,3.06892761168
than,2.11468510224
specify,2.46686762035
11,2.2907763613
10,1.52485956733
access_token=xxx,3.06892761168
15,2.59180635696
end_time_date,3.06892761168
future,3.06892761168
were,2.16583762469
objecttype,2.16583762469
and,0.716745093571
create_event,3.06892761168
argument,2.36995760735
</code>&nbsp,2.11468510224
me/friends,2.76789761602
allen,1.17683300899
recover,2.76789761602
any,1.10044466313
object_id,2.76789761602
note,2.06892761168
other,1.14984951931
take,2.76789761602
performance,2.76789761602
200,3.06892761168
begin,2.46686762035
sure,2.46686762035
multiple,2.46686762035
normal,2.76789761602
buffer,2.76789761602
me/music,3.06892761168
proxied,3.06892761168
2011-jan-05=,3.06892761168
pair,1.8384786903
inserted,2.59180635696
pages,2.36995760735
icon,2.46686762035
com/docs/reference/api/user,2.36995760735
gracefully,3.06892761168
larry,3.06892761168
object#tostring,1.57756591785
token-related,3.06892761168
json-to-java,2.59180635696
<code>boolean</code>,2.76789761602
spaces,2.22382957167
inconsistent,2.76789761602
hack,2.59180635696
geography,3.06892761168
&quot,2.59180635696
upgrade,3.06892761168
title,2.59180635696
enough,2.76789761602
>http//restfb,2.59180635696
hierarchy,3.06892761168
verified?,3.06892761168
explicitly,3.06892761168
equipped,3.06892761168
venue's,2.2907763613
get,1.24285280898
mission,3.06892761168
cannot,1.79017401073
mapper,1.95498425938
reading,3.06892761168
resource,3.06892761168
object</a>,3.06892761168
fql,1.68871636997
settings,2.76789761602
string-handling,3.06892761168
'outbox',2.76789761602
sessionkeys,3.06892761168
mattia,3.06892761168
mapped,2.2907763613
>new,3.06892761168
through,3.06892761168
where,1.76789761602
ignored,3.06892761168
encoding/decoding,2.76789761602
hasn't,3.06892761168
connections,2.59180635696
college,3.06892761168
sport,3.06892761168
fails,3.06892761168
invoked,2.59180635696
its,1.79017401073
errorcode,2.59180635696
3,1.76789761602
invokes,2.76789761602
between,1.70719977566
'open',2.76789761602
uid=7901103,2.76789761602
kurkowski,2.59180635696
notice,1.17130052039
'music',2.76789761602
26,2.76789761602
jo,3.06892761168
javabean?,2.76789761602
#tojavaobject,3.06892761168
serialization,3.06892761168
connection?,1.67098760301
pixels,2.46686762035
dates,2.36995760735
according,3.06892761168
contract,1.18243688651
s,2.06892761168
holders,1.18243688651
#obtainappaccesstoken,3.06892761168
php/verifying_the_signature,3.06892761168
can't,2.76789761602
colons,2.59180635696
overview,3.06892761168
period,2.46686762035
pop,3.06892761168
couldn't,3.06892761168
ordered,2.76789761602
subscribed,3.06892761168
'posts',2.76789761602
mark,1.16583762469
500,2.22382957167
formed,2.76789761602
andrew,2.76789761602
photos,2.46686762035
external,2.76789761602
those,2.59180635696
granted,1.17130052039
case,1.98974636563
access_token,2.59180635696
2012-09-15,3.06892761168
profiles,3.06892761168
cast,2.76789761602
metric,2.76789761602
marshaled,2.46686762035
parse,2.59180635696
middle,3.06892761168
converts,2.36995760735
@link,1.24285280898
'd',3.06892761168
binary,2.22382957167
different,2.16583762469
'television',2.76789761602
authentication,2.11468510224
verifies,3.06892761168
pad,2.36995760735
arguments,2.36995760735
#executeinsightqueriesbydate,3.06892761168
streams,3.06892761168
jsonmapper,2.02753492652
illegalstateexception,2.06892761168
status,1.63756384752
extended,2.76789761602
<li>an,2.76789761602
http//developers,1.25601425504
persons,1.18243688651
running,3.06892761168
edges,3.06892761168
3339,2.76789761602
changing,3.06892761168
undefined,3.06892761168
token's,3.06892761168
without,1.1551137593
jsonobject's,2.76789761602
2009-03-06,3.06892761168
'photos',2.76789761602
being,2.76789761602
rest,1.98974636563
2010-02-28t161108+0000,3.06892761168
touch,3.06892761168
additionalparameters,2.76789761602
grouped,3.06892761168
<code>=</code>,3.06892761168
we've,2.59180635696
seems,3.06892761168
except,3.06892761168
#defaultlegacyfacebookclient,2.76789761602
>question,3.06892761168
>place,2.76789761602
setting,2.59180635696
4,2.46686762035
<code>tostring</code>,2.76789761602
multiquery,2.36995760735
real,2.76789761602
>oauth,2.76789761602
accesstoken=123&expires=345,3.06892761168
rules,2.46686762035
outermost,2.76789761602
currency</a>,3.06892761168
>app,3.06892761168
world,2.59180635696
execution,2.76789761602
recipient,3.06892761168
pst,2.36995760735
defaultgraphfacebookexceptionmapper,3.06892761168
patrick,2.2907763613
server,2.11468510224
either,2.11468510224
appid,2.46686762035
output,2.46686762035
specifies,2.02753492652
transmittable,2.16583762469
<code>]</code>,3.06892761168
uppercase,2.76789761602
approved_friend,3.06892761168
#getbirthdayasdate,3.06892761168
specified,2.22382957167
<code>tojsonstring</code>,2.76789761602
<code>separator</code>,3.06892761168
matching,3.06892761168
facebookclient,2.2907763613
provided,1.08665637864
facebookclient#fetchobject,3.06892761168
non-standard,2.76789761602
provides,2.36995760735
example<code>,2.59180635696
connectionpageurl,3.06892761168
accessing,2.76789761602
seconds,2.36995760735
equivalent,2.76789761602
each,1.95498425938
communicate,2.46686762035
com/docs/reference/api/album,3.06892761168
me/friends?limit=10,3.06892761168
throw,2.46686762035
on,1.37873153165
ok,2.76789761602
'family',2.76789761602
of,0.463622565541
#getlikescount,3.06892761168
favorite,2.59180635696
com/questions/1667278/parsing-query-strings-in-java,3.06892761168
<code>[</code>&nbsp,3.06892761168
nullpointerexception,2.22382957167
'error_msg',3.06892761168
https//github,3.06892761168
image,2.59180635696
batchrequest[],3.06892761168
preceded,3.06892761168
determine,2.46686762035
accumulated,2.76789761602
your,1.98974636563
authentication</a>,3.06892761168
log,3.06892761168
removing,2.76789761602
strictly,2.2907763613
there,1.30549961812
hex,2.59180635696
philadelphia,3.06892761168
start,2.76789761602
assumes,1.922799576
com/docs/reference/fql/insights,2.76789761602
'=>',3.06892761168
me/feed,3.06892761168
trying,3.06892761168
with,0.736489151766
they're,3.06892761168
october,3.06892761168
non-json,3.06892761168
default,1.67098760301
cat1,2.59180635696
cat2,2.59180635696
invocationtargetexception,3.06892761168
embed,3.06892761168
guide</a>,3.06892761168
subclasses,2.76789761602
connect,2.76789761602
strongly,2.76789761602
username,2.76789761602
jsonstringer,2.59180635696
videos,3.06892761168
certain,3.06892761168
deep,2.36995760735
general,2.76789761602
as,0.935388703312
at,1.76789761602
file,2.11468510224
code?,2.76789761602
again,3.06892761168
call?,2.46686762035
storage,2.76789761602
field,1.56377763336
valid,2.2907763613
5,1.31305275601
>cover,2.76789761602
you,1.56377763336
reflection-related,3.06892761168
requested,2.06892761168
delimiters,3.06892761168
includes,2.76789761602
key/boolean,3.06892761168
key/double,3.06892761168
included,1.13442916044
field/annotation,2.46686762035
whitespace,2.16583762469
building,3.06892761168
calls,2.06892761168
>the,2.59180635696
hello,2.59180635696
2010-2013,1.18243688651
starting,2.59180635696
strings,2.11468510224
com/docs/reference/api/page,2.46686762035
all,1.07770153599
authentication?,3.06892761168
caused,2.36995760735
month,3.06892761168
founded,3.06892761168
executing,2.46686762035
tojsonstring,2.76789761602
go,2.76789761602
duplicated,2.59180635696
synthetic,3.06892761168
alberts,2.2907763613
including,1.12940835906
current_city,3.06892761168
secretkey,2.59180635696
to,0.529851512889
>mark,1.05609038698
depending,3.06892761168
returned,1.47786300466
accesstoken,2.22382957167
returning,2.76789761602
checkin,3.06892761168
util,1.79017401073
balancing,2.76789761602
decide,3.06892761168
facebook-annotated,2.76789761602
condition,2.46686762035
iterable#iterator,3.06892761168
list,1.4254749352
large,3.06892761168
these,1.95498425938
-1,3.06892761168
authenticating,3.06892761168
portable,2.76789761602
value's,3.06892761168
com/docs/reference/api/friendlist,3.06892761168
restfb,1.30549961812
190,3.06892761168
past,3.06892761168
>class,3.06892761168
zero,2.2907763613
concentrations/minors,3.06892761168
pass,2.2907763613
further,2.59180635696
subclass,3.06892761168
what,2.46686762035
application's,2.59180635696
brackets,3.06892761168
short-lived,3.06892761168
section,2.76789761602
@value,2.36995760735
version,2.22382957167
<code>object,3.06892761168
public,2.36995760735
contrast,3.06892761168
full,2.76789761602
hash,2.76789761602
tags,2.59180635696
component,2.46686762035
answers,3.06892761168
codebase,3.06892761168
omitresponseonsuccess,2.76789761602
publisher,3.06892761168
search,3.06892761168
sender,2.76789761602
urlutils,3.06892761168
allows,2.2907763613
amount,3.06892761168
published,2.2907763613
action,1.16583762469
options,3.06892761168
primitives?,3.06892761168
via,2.2907763613
followed,2.46686762035
field's,3.06892761168
family,2.46686762035
texts,2.46686762035
<code>put</code>,2.76789761602
full-sized,3.06892761168
'movies',2.76789761602
coercion,2.76789761602
read-only,2.2907763613
@exception,2.76789761602
takes,3.06892761168
non-,3.06892761168
contains,1.60652961378
6,1.01202276035
taken,2.76789761602
more,2.11468510224
knows,2.76789761602
company,3.06892761168
constructs,3.06892761168
hashcode,3.06892761168
flag,3.06892761168
particular,1.18243688651
producing,2.76789761602
_blank,2.22382957167
none,3.06892761168
endpoint,1.48914401507
sent,2.22382957167
playable,3.06892761168
<t>,1.72650493086
history,2.76789761602
'9',3.06892761168
compare,3.06892761168
binaryattachment[],2.76789761602
accept,2.36995760735
collision,3.06892761168
numbers,2.59180635696
information,2.02753492652
>group,3.06892761168
displayable,2.16583762469
snippet,3.06892761168
maps,2.46686762035
api</a>,2.16583762469
intended,3.06892761168
</li>,2.46686762035
com/docs/reference/fql/insights/,3.06892761168
resultset,2.76789761602
mapping,1.39682975375
webrequestor#executepost,2.46686762035
fb,1.89283635263
response,1.31305275601
a,0.424489022214
#likecount,3.06892761168
short,2.46686762035
read,2.76789761602
lookahead,3.06892761168
documentation,1.17130052039
parameterized,3.06892761168
callback,3.06892761168
specifying,2.76789761602
geographic,3.06892761168
map?,2.76789761602
that's,2.76789761602
facebookclient#executefqlmultiquery,3.06892761168
name/value,2.46686762035
don't,2.46686762035
september,2.59180635696
jsonmappingerrorhandler,3.06892761168
soon,2.2907763613
installed,3.06892761168
held,3.06892761168
scott,2.76789761602
'f',3.06892761168
style,2.76789761602
20,2.59180635696
23,2.76789761602
object<code>,3.06892761168
epoch,2.46686762035
'groups',2.76789761602
html,2.2907763613
#fetchobjects,3.06892761168
might,2.46686762035
haven't,3.06892761168
skipped,3.06892761168
return,1.56377763336
timestamp,3.06892761168
hyphens,3.06892761168
period/times,3.06892761168
accumulate,2.76789761602
easily,3.06892761168
primitive-ness,3.06892761168
<code>false</code>,2.59180635696
products,3.06892761168
types?,3.06892761168
always,2.2907763613
>comments,3.06892761168
capability,3.06892761168
transmission,2.76789761602
token,1.38768637431
gender,3.06892761168
found,1.86480762903
>location,3.06892761168
isn't,2.46686762035
#executebatch,3.06892761168
generation,2.76789761602
>friendlist,3.06892761168
numeric,2.59180635696
obtains,2.76789761602
facebookfieldname,2.76789761602
operation,2.11468510224
beyond,2.76789761602
marshaling,3.06892761168
event,1.11953760504
</tt>,2.2907763613
since,2.11468510224
publish,1.1551137593
equate,2.76789761602
7,2.16583762469
issue,3.06892761168
occurs,1.36995760735
reason,3.06892761168
base,2.2907763613
proxy,3.06892761168
members,2.76789761602
put,1.70719977566
beginning,2.22382957167
generate,2.46686762035
pathtojson,3.06892761168
thrown,2.16583762469
pairs,2.59180635696
com/docs/api#impersonation,3.06892761168
caption,2.36995760735
'error_code',3.06892761168
throws,2.36995760735
feed,3.06892761168
jsonexception,1.17683300899
number,1.20560475156
instances,2.11468510224
done,2.76789761602
com</a>,2.59180635696
blank,1.89283635263
>graph,2.11468510224
leading,2.59180635696
construct,1.79017401073
scheme,2.22382957167
#executeget,3.06892761168
option,2.59180635696
relationship,3.06892761168
jsonarray,1.45614375496
recursively,2.59180635696
getter,2.76789761602
authors,1.18243688651
$1,3.06892761168
kind,1.18243688651
b,3.06892761168
determines,2.76789761602
double,1.81365510658
headers,2.36995760735
>event,3.06892761168
</pre>,2.36995760735
#execute,2.36995760735
type</a>,1.4254749352
0x-,3.06892761168
igor,2.76789761602
constructors,2.59180635696
substantial,1.18243688651
petersen</a>,2.46686762035
superclasses,2.76789761602
null,0.972017598674
sell,1.18243688651
built,3.06892761168
legacyfacebookclient#executemultiquery,2.76789761602
<code>jsonstring</code>,3.06892761168
arrays?,3.06892761168
conforming,3.06892761168
swallowing,2.76789761602
internal,2.76789761602
build,2.46686762035
brace,2.22382957167
added,1.95498425938
customize,3.06892761168
user's,1.53744869464
reach,2.76789761602
coordinate,2.76789761602
noninfringement,1.18243688651
1240077,3.06892761168
sometimes,2.22382957167
cover,2.59180635696
stream_publish,3.06892761168
part,2.2907763613
#getlocationasstring,3.06892761168
end-user,2.59180635696
object</code>,3.06892761168
commas,2.46686762035
session,2.06892761168
fine,3.06892761168
find,2.46686762035
balusc,3.06892761168
completion,2.76789761602
copyright,1.18243688651
writes,2.76789761602
writer,2.59180635696
failed,3.06892761168
with?,3.06892761168
override,2.76789761602
8,2.22382957167
his,3.06892761168
hit,2.59180635696
messagetags,3.06892761168
invoke,3.06892761168
permission,1.17683300899
>user,3.06892761168
express,1.18243688651
shared,2.59180635696
'a',2.76789761602
during,2.76789761602
>chris,2.46686762035
querying,3.06892761168
boost,3.06892761168
querystring,2.76789761602
remove,2.59180635696
rfc,2.76789761602
#list,2.76789761602
common,2.46686762035
x,2.46686762035
bodyparameters,3.06892761168
set,1.922799576
throwing,2.36995760735
no-op,2.59180635696
see,1.81365510658
>facebook,2.11468510224
are,1.33653385186
close,2.36995760735
#executefqlquery,2.76789761602
>official,3.06892761168
in-memory,2.76789761602
>likes,3.06892761168
please,3.06892761168
formatted,3.06892761168
>page,2.76789761602
subscript,2.06892761168
conditions,1.18243688651
blurb,3.06892761168
available,1.74670831695
creating,3.06892761168
missing,3.06892761168
initially,2.22382957167
javascript,3.06892761168
fieldswithannotation,3.06892761168
succeed,2.76789761602
printable,2.11468510224
interface,2.76789761602
list<long>,3.06892761168
c,1.1551137593
last,1.98974636563
arraylist,3.06892761168
mywriter,3.06892761168
connection,0.907559609447
defaultlegacyfacebookclient,3.06892761168
finds,2.46686762035
>account,3.06892761168
load,3.06892761168
liked,3.06892761168
>facebook's,2.76789761602
consume,2.76789761602
jeff,3.06892761168
simple,2.16583762469
corresponds,3.06892761168
connectiontype,2.59180635696
date-handling,3.06892761168
>work,3.06892761168
header,2.36995760735
jsonarray's,3.06892761168
likes,1.98974636563
batchrequests,2.76789761602
user_created,3.06892761168
builder's,2.76789761602
along,2.46686762035
ensures,2.76789761602
java,0.813655106579
publishing,3.06892761168
midnight-pst,2.59180635696
create,2.16583762469
political,3.06892761168
<code>jsonobject,2.46686762035
whom,1.18243688651
secret,2.16583762469
pa,3.06892761168
collected,3.06892761168
meeting,3.06892761168
empty,1.72650493086
sortedparameters,3.06892761168
<li>publish,3.06892761168
else,3.06892761168
@see,0.916639267299
prices,3.06892761168
handling,2.76789761602
look,2.76789761602
>post,3.06892761168
object/array,3.06892761168
tolerate,2.76789761602
batch,1.79017401073
while,1.37873153165
replaced,2.46686762035
compactness,2.46686762035
behavior,2.59180635696
error,1.10513978434
'videos',2.76789761602
jpg,3.06892761168
<code>opt</code>,2.76789761602
itself,2.76789761602
ready,2.76789761602
</,3.06892761168
authenticated,2.76789761602
belong,3.06892761168
ignorenullvaluedproperties,2.76789761602
<ul>,2.46686762035
octal,2.76789761602
verification,3.06892761168
used,1.53744869464
temporary,3.06892761168
keys,1.98974636563
com/docs/reference/api/event,2.76789761602
levels,2.76789761602
moving,2.2907763613
purpose,1.18243688651
<a,0.945075970715
key-bean,3.06892761168
stack,2.76789761602
java's,2.76789761602
canned,2.76789761602
lower,2.76789761602
task,3.06892761168
percentages,3.06892761168
</a>,2.59180635696
'inbox',2.76789761602
increases,2.36995760735
person,1.18243688651
consistency,3.06892761168
y,2.76789761602
entry,2.59180635696
<li>strings,2.76789761602
comprise,3.06892761168
page_tab_views_login_top_unique,2.76789761602
resulttype,2.2907763613
using,1.72650493086
<code>number</code>,2.76789761602
reflectively,2.76789761602
facebookclient#deleteobject,3.06892761168
extracted,2.59180635696
alternate,3.06892761168
data?,2.46686762035
source,1.95498425938
location,1.70719977566
next/previous,3.06892761168
input,2.22382957167
tell,3.06892761168
remaining,2.59180635696
format,1.86480762903
evaluate,2.2907763613
marked,3.06892761168
integer,2.02753492652
#tojavalist,3.06892761168
projects,2.76789761602
formal,2.46686762035
d,2.59180635696
signal,3.06892761168
continue,3.06892761168
javabean,2.36995760735
methods,1.86480762903
some,2.59180635696
back,2.36995760735
examples,2.46686762035
delivered,3.06892761168
and/or,1.18243688651
describing,2.11468510224
apicall,3.06892761168
client</a>,3.06892761168
religion,3.06892761168
includesuperclass,2.59180635696
quote,2.46686762035
bean>,3.06892761168
be,0.742591750753
processing,2.06892761168
use,1.04362174642
served,3.06892761168
facebookexceptionmapper#exceptionfortypeandmessage,2.76789761602
by,1.23007852094
>checkin,3.06892761168
zip,3.06892761168
most,2.36995760735
idv,3.06892761168
ids,2.76789761602
graduation,3.06892761168
objects</a>,3.06892761168
range,2.76789761602
beans,2.76789761602
significant,3.06892761168
>note,3.06892761168
example?,3.06892761168
hometown,2.46686762035
into,1.922799576
within,2.59180635696
'closed',2.76789761602
appropriate,3.06892761168
>http//developers,2.76789761602
facebookclient#getjsonmapper,3.06892761168
#deleteobject,3.06892761168
question,2.2907763613
long,1.72650493086
custom,2.76789761602
handler,3.06892761168
04/15/1984,3.06892761168
we're,2.76789761602
forward,2.76789761602
types</a>,2.59180635696
opens,3.06892761168
files,1.16583762469
login_url,2.76789761602
properly,2.76789761602
link,1.79017401073
com/docs/api,2.46686762035
line,2.2907763613
key/int,3.06892761168
themselves,3.06892761168
posted,2.16583762469
info,2.76789761602
takwing,3.06892761168
up,2.22382957167
us,3.06892761168
paired,3.06892761168
>displaying,3.06892761168
sublicense,1.18243688651
#tojson,3.06892761168
similar,3.06892761168
called,2.11468510224
dateutils,3.06892761168
associated,0.935388703312
defined,2.76789761602
jsonmapper#tojavalist,3.06892761168
parser,3.06892761168
defaultjsonmapper,2.46686762035
char,3.06892761168
single,1.8384786903
warning,2.02753492652
parsed,3.06892761168
nan,2.59180635696
invalid,1.81365510658
application,1.95498425938
bracket,2.59180635696
functionality,2.16583762469
http//restfb,1.039543834
elements,2.06892761168
generates,2.76789761602
com/docs/reference/api/,2.2907763613
illegalargumentexception,1.67098760301
generated,2.16583762469
allowing,2.59180635696
structure,1.98974636563
lang,0.972017598674
e,1.59180635696
<code>0x-</code>,2.76789761602
fieldwithannotation,2.59180635696
required,2.46686762035
get-friends,2.59180635696
implied,1.17683300899
#parameters,3.06892761168
fresh,2.76789761602
having,2.76789761602
code,1.50072588762
results,1.81365510658
existing,3.06892761168
non-admins,3.06892761168
amiss,3.06892761168
query,1.57756591785
send,2.36995760735
non-legal,3.06892761168
include,1.63756384752
indicating,2.76789761602
uploaded,2.76789761602
presently,3.06892761168
assuming,2.76789761602
connection's,2.46686762035
facebook,0.801755883279
token/expiration,3.06892761168
array's,2.2907763613
syntax,2.06892761168
facebookexception,1.62176958034
entire,2.76789761602
magic,2.76789761602
special-case,3.06892761168
@since,0.919708499027
positions,3.06892761168
try,2.76789761602
warranties,1.18243688651
error_code,2.46686762035
you'd,2.16583762469
>legacy,2.76789761602
restfb's,2.59180635696
object1,3.06892761168
object2,3.06892761168
video,1.8384786903
insertion,3.06892761168
append,1.95498425938
object?,2.76789761602
index,1.56377763336
formats,3.06892761168
unavailable,3.06892761168
<code>=></code>,3.06892761168
networks,3.06892761168
access,1.59180635696
exercise,2.36995760735
#gethometownname,3.06892761168
body,2.02753492652
annotationtype,2.76789761602
@code,0.718679593348
degree,3.06892761168
respectively,3.06892761168
objects,1.86480762903
accessor,2.76789761602
convert,1.95498425938
>link,3.06892761168
parameters,1.46686762035
credits,2.76789761602
receive,2.46686762035
30,2.76789761602
35,2.76789761602
appsecret,2.59180635696
resulting,3.06892761168
>album,3.06892761168
buffersize,3.06892761168
makes,3.06892761168
composed,3.06892761168
named,2.76789761602
app,2.36995760735
private,2.59180635696
>questionoption,3.06892761168
api,0.856740007278
names,1.68871636997
apply,3.06892761168
>education,3.06892761168
</code>,1.98974636563
instantiation,2.46686762035
usd,2.76789761602
from,0.919708499027
stream,2.36995760735
consumption,2.59180635696
illegal,2.59180635696
page_active_users,2.76789761602
next,1.86480762903
duplicate,2.36995760735
com/roadmap/offline-access-removal/#extend_token,3.06892761168
binaryattachments,2.76789761602
reflects,2.76789761602
sort,3.06892761168
started,2.59180635696
getters,2.76789761602
occurred,2.2907763613
visibility,3.06892761168
dealings,1.18243688651
normalized,2.59180635696
httpstatuscode,2.11468510224
sample,2.59180635696
account,3.06892761168
languages,3.06892761168
this,0.521152906294
errormessage,2.46686762035
acquaintances,3.06892761168
closing,2.59180635696
unread,2.59180635696
fetch,2.46686762035
control,3.06892761168
reserved,2.11468510224
links,3.06892761168
process,2.2907763613
inaccessible,3.06892761168
iterator#remove,3.06892761168
tag,2.59180635696
something,2.76789761602
acyclical,2.02753492652
comes,2.76789761602
holds,2.22382957167
namespace,3.06892761168
attachment,2.22382957167
<li>obtain,3.06892761168
instead,1.59180635696
types/messages,2.76789761602
<code>endarray</code>,2.46686762035
com/docs/reference/api/group,3.06892761168
administrator,3.06892761168
facebookexceptionmapper,2.76789761602
collection,2.02753492652
dependson,2.76789761602
facebookjsonmappingexception,1.81365510658
ambiguous,3.06892761168
non-finite,2.2907763613
<code>jsonwriter,3.06892761168
correspond,3.06892761168
or,0.669253890201
allow,3.06892761168
<code>get,2.76789761602
<code>null</code>,2.46686762035
produces,2.76789761602
insight,2.76789761602
app_2373072738,2.76789761602
produced,1.98974636563
whilst,3.06892761168
referenced,2.76789761602
won't,2.46686762035
looks,3.06892761168
status_type,3.06892761168
mentioned,2.59180635696
converting,2.46686762035
com/docs/reference/api/message/,3.06892761168
raw,2.46686762035
write,2.36995760735
outer,3.06892761168
chosen,3.06892761168
>fql,2.46686762035
choose,3.06892761168
latitude,2.46686762035
2012,2.76789761602
com/docs/api#publishing,2.76789761602
greater,2.36995760735
getname,3.06892761168
auth,2.76789761602
documented,2.76789761602
liable,1.18243688651
day,2.76789761602
<li>numbers,2.76789761602
http//stackoverflow,3.06892761168
going,3.06892761168
verifying,3.06892761168
indentfactor,2.36995760735
base16,3.06892761168
identified,3.06892761168
trimmed,2.59180635696
slide,2.46686762035
coverted,2.76789761602
<li>values,2.76789761602
truth,2.2907763613
requests,2.2907763613
beneath,2.76789761602
identifier,2.76789761602
user_currency,2.59180635696
profile,2.06892761168
attachments,2.59180635696
doing,3.06892761168
bytes,3.06892761168
related,2.76789761602
jsonmapper#tojavaobject,3.06892761168
executeasdelete,3.06892761168
separating,3.06892761168
our,3.06892761168
special,3.06892761168
com/docs/reference/api/photo,2.59180635696
category,2.76789761602
command-line,2.59180635696
performs,2.59180635696
index],3.06892761168
cause,2.2907763613
retrieved,2.46686762035
/*,1.12940835906
delegates,3.06892761168
initialize,3.06892761168
<li>keys,3.06892761168
superclass?,3.06892761168
<code></code>,3.06892761168
indent,2.59180635696
g,1.60652961378
com/docs/reference/rest/,2.59180635696
could,2.76789761602
keep,3.06892761168
conversation,1.922799576
length,1.5504136718
birthday,2.76789761602
list?,2.76789761602
#findmethodswithannotation,3.06892761168
post-json-mapping,3.06892761168
'tagged',2.76789761602
representations,3.06892761168
jsonmapper#tojson,2.76789761602
braces,3.06892761168
facebook's,2.76789761602
doesn't,1.57756591785
privacy,2.16583762469
system,3.06892761168
wrapper,3.06892761168
schnitzer,3.06892761168
their,2.76789761602
wrapped,2.76789761602
object#hashcode,1.60652961378
completed,3.06892761168
slides,2.59180635696
completes,2.76789761602
basefacebookclient#createendpointforapicall,2.76789761602
@param,0.645681737745
attachment's,2.2907763613
country,2.36995760735
false,1.38768637431
have,1.22382957167
need,2.16583762469
element,2.59180635696
'home',2.76789761602
mappings,3.06892761168
able,3.06892761168
periodenddates,2.76789761602
instance,1.63756384752
which,1.07770153599
=,2.36995760735
expires,2.76789761602
facebookclient#executequery,3.06892761168
stringify,3.06892761168
*/,0.0
'friends',2.76789761602
why,3.06892761168
>post</a>,3.06892761168
deny,3.06892761168
url,1.19386634829
mapping?,2.2907763613
request,1.50072588762
pipe,3.06892761168
121423423,3.06892761168
you'll,2.59180635696
comma-separated,2.76789761602
'month',3.06892761168
normally,3.06892761168
text,1.57756591785
supported,3.06892761168
anyway,2.76789761602
<code>array</code>,2.46686762035
com/docs/reference/api/status,3.06892761168
green-field,3.06892761168
based,2.76789761602
cache,2.2907763613
com/facebook/php-sdk/blob/master/src/facebook,3.06892761168
employer,3.06892761168
>image,3.06892761168
local,2.76789761602
pageobjectid,2.76789761602
handle,1.52485956733
pull,3.06892761168
<li>convert,3.06892761168
120,3.06892761168
non-expired,3.06892761168
ones,3.06892761168
joins,2.76789761602
queried,2.76789761602
website</a>,3.06892761168
#executefqlmultiquery,2.76789761602
ended,3.06892761168
cached,2.76789761602
non-verbose,2.76789761602
teams,3.06892761168
felipe,2.59180635696
15th,2.76789761602
queries,2.11468510224
comma,2.59180635696
view,2.76789761602
conform,2.46686762035
exists,2.46686762035
acquired,3.06892761168
timezones,3.06892761168
we,1.31305275601
<code>true</code>,2.46686762035
legacy,1.76789761602
multipart,2.36995760735
responses,3.06892761168
wire,2.46686762035
attempting,2.16583762469
month/year,2.76789761602
pattern,2.76789761602
targeted,3.06892761168
written,3.06892761168
correctly,2.36995760735
iterator#hasnext,3.06892761168
boundary,3.06892761168
email,2.76789761602
ends,3.06892761168
<code>object</code>,2.59180635696
alphabetically,2.76789761602
job,2.22382957167
key,1.21766926296
users,2.02753492652
optional,1.46686762035
commenting,3.06892761168
tommasone,3.06892761168
admin,3.06892761168
equal,2.76789761602
batchrequest,2.46686762035
etc,2.59180635696
facebookclient#convertsessionkeystoaccesstokens,2.76789761602
ioexception,2.22382957167
otherwise,1.01970958901
comment,2.11468510224
<code>value</code>,2.76789761602
relevant,2.59180635696
syntactically,2.59180635696
wall,2.76789761602
https//developers,1.98974636563
sequences,3.06892761168
statuscode,3.06892761168
keying,3.06892761168
platform,2.76789761602
it's,2.46686762035
copies,1.18243688651
<code>tostring,3.06892761168
json,1.14464832562
copied,2.76789761602
>,2.36995760735
hernandez,2.76789761602
optionally,2.76789761602
corresponding,2.2907763613
both,2.2907763613
implementors,2.76789761602
an,0.605034622696
present,2.16583762469
means,2.59180635696
value,0.982567781007
will,1.21766926296
>venue,3.06892761168
owns,2.76789761602
rsvp,3.06892761168
extracts,2.36995760735
manually,2.76789761602
'statuses',2.76789761602
/@,3.06892761168
vs,2.76789761602
properties,2.11468510224
'interests',2.76789761602
com/docs/reference/api/video,3.06892761168
education,2.76789761602
documentation</a>,2.36995760735
generic,2.76789761602
classpath,2.76789761602
enumeration,2.76789761602
member,3.06892761168
units,2.76789761602
party,3.06892761168
gets,1.86480762903
uid=220439,2.76789761602
http,1.51262511091
com/index,2.22382957167
upon,3.06892761168
token</a>,2.76789761602
page's,2.2907763613
infinite,3.06892761168
php,3.06892761168
login,3.06892761168
batchresponse,3.06892761168
off,2.76789761602
multiquery</a>,2.76789761602
i,3.06892761168
adapted,3.06892761168
builder,2.06892761168
well,2.46686762035
<code>opt,2.76789761602
unescaped,3.06892761168
http//www,3.06892761168
command,2.59180635696
sets,2.36995760735
#getlocation,3.06892761168
position,2.76789761602
arising,1.18243688651
arbitrarily,2.76789761602
stores,3.06892761168
less,3.06892761168
boolean,1.76789761602
obtain,2.46686762035
select,2.76789761602
stored,2.59180635696
reflectionutils#fields_with_annotation_cache,3.06892761168
merge,1.18243688651
query</a>,2.76789761602
web,2.46686762035
can_upload,3.06892761168
string?,3.06892761168
'error_description',3.06892761168
point,2.59180635696
capabilities,3.06892761168
add,2.2907763613
#</code>,2.76789761602
clipped,2.76789761602
#encoding_charset,2.36995760735
logger,2.36995760735
match,3.06892761168
tests,2.11468510224
json&quot,2.59180635696
checking,2.76789761602
non-null,2.46686762035
currency_offset,3.06892761168
community,3.06892761168
password,3.06892761168
httpurlconnection,3.06892761168
com/docs/reference/api/user/#apprequests,3.06892761168
necessary,2.36995760735
like,1.8384786903
<li>execute,3.06892761168
works,3.06892761168
page,1.68871636997
http//ex-nerd,2.46686762035
because,2.02753492652
sequence,2.46686762035
arjun,3.06892761168
superclass,2.76789761602
proper,3.06892761168
liking,3.06892761168
<p>,1.12444493953
does,1.50072588762
endobject,2.76789761602
facebookclient#fetchconnectionpage,3.06892761168
?,2.36995760735
mode,2.76789761602
textfiles,3.06892761168
basefacebookclient#getfacebookreadonlyendpointurl,2.76789761602
offset,2.59180635696
prettyprinted,2.36995760735
simpler,3.06892761168
latitude/longitude,2.76789761602
about,2.46686762035
actual,3.06892761168
extension,3.06892761168
>currency,3.06892761168
constructor,2.06892761168
software,1.18243688651
warranty,1.18243688651
subset,3.06892761168
own,2.2907763613
php/attachment_,3.06892761168
1240079],3.06892761168
milliseconds,2.76789761602
utility,2.36995760735
hitting,2.76789761602
postal,3.06892761168
additional,2.59180635696
relativeurl,2.76789761602
*,0.0018567556367
iso-4217-3,3.06892761168
defaultfacebookclient,2.59180635696
elision,3.06892761168
inner,3.06892761168
function,3.06892761168
<code>key</code>,2.76789761602
but,1.11468510224
construction,3.06892761168
currency_exchange_inverse,3.06892761168
oauth,1.76789761602
simpledateformat,3.06892761168
count,2.22382957167
also,2.22382957167
made,2.06892761168
compute,3.06892761168
places,3.06892761168
whether,1.13950868597
executequery,2.76789761602
private?,3.06892761168
converted,1.76789761602
limit,2.76789761602
problem,2.76789761602
display,3.06892761168
icon-sized,3.06892761168
image/jpeg,3.06892761168
int,2.06892761168
getloggedinuser,3.06892761168
received,3.06892761168
facebookclient#getwebrequestor,3.06892761168
ing,2.76789761602
trailing,2.76789761602
detail,3.06892761168
facebookclient#publish,2.76789761602
php/fql,2.59180635696
no-arg,3.06892761168
details,2.36995760735
out,1.11953760504
appends,3.06892761168
targettype,3.06892761168
class,1.36995760735
variation,3.06892761168
inputstream,3.06892761168
>photo,3.06892761168
'books',2.76789761602
merchantability,1.18243688651
friends,2.16583762469
human-readable,3.06892761168
klass,3.06892761168
<li>delete,3.06892761168
